gene_id	baseMean	log2FoldChange	lfcSE	pvalue	padj
ENSMUSG00000019464	22.133427974871	-1.53790072531615	1.49428777633348	3.20159093366474e-05	0.0351412156747068
ENSMUSG00000020914	21.3972142965686	2.4214663305808	0.538570821036715	2.4994331146249e-07	0.0014835023141517
ENSMUSG00000032532	67.4192888955187	-2.15961263236036	0.777366128946614	2.17004769381036e-06	0.0066982138815613
ENSMUSG00000035202	522626.075443504	-9.61842297348227	2.08208467114024	1.6323825605881e-08	0.0001511586251104
ENSMUSG00000047485	29.8450515022237	-4.69251763288537	2.37276922279357	4.91408722263774e-06	0.0101120994848056
ENSMUSG00000065922	728.551803418488	-7.80030013193786	3.47099909239382	1.51857043465684e-06	0.0056247848899689
ENSMUSG00000073119	6.07455984060817	-4.2395552286948	3.22829852289335	1.1566013217022e-05	0.0164771203676344
ENSMUSG00000073867	46.1144416702911	-2.30569921593896	1.28707413103943	8.31979842457371e-06	0.0140075151657368
ENSMUSG00000074782	34.2217898665667	-3.4782776719388	0.796000374772229	3.20410866987414e-07	0.0014835023141517
ENSMUSG00000085315	18.1585339379945	-1.66578428227167	1.71971070755319	3.84514526076536e-05	0.0395622723496525
ENSMUSG00000087644	48.6768049097049	-2.28026875669166	2.56415149342237	4.12655430696882e-05	0.0402230451395066
ENSMUSG00000096947	194.625199701644	-5.64549292745389	2.91611069723016	3.78786416969834e-06	0.0087689055528516
ENSMUSG00000097006	57.2915204302698	-2.78446168456194	1.93755356506279	1.48706151278373e-05	0.0187268136394469
ENSMUSG00000097078	21.297373437172	-1.87813425270141	1.79513146181127	3.22570554249469e-05	0.0351412156747068
ENSMUSG00000097479	69.6764764658165	-2.97861051051575	2.11444708867948	1.51675056475002e-05	0.0187268136394469
ENSMUSG00000102349	220.704387129309	-3.8429990068391	2.53364214556357	1.06750005051784e-05	0.016475084112992
ENSMUSG00000102969	18.3891513062612	-4.31655345409575	1.80624203632383	3.41998890307798e-06	0.0087689055528516
ENSMUSG00000106106	2718697.4635801	-11.1483339968289	1.62889205774151	4.24393132777155e-14	7.85976081903291e-10
